Topic,Question Trainer Might Ask,Your Answer / Explanation
Architecture,"What libraries and technologies did you use in this project?","I used Python for the backend, FastAPI for the web server, Google GenAI for extracting data from the text, and HTML/CSS/JavaScript with GSAP for the frontend animations."
Backend,"Why did you choose FastAPI over Flask or Django?","FastAPI is modern, extremely fast, and has built-in async support. It is perfect for lightweight microservices and AI endpoints, making our portfolio generation quick and efficient."
AI Integration,"How does the Google GenAI library work here?","We use the 'google-genai' SDK. The backend reads the raw resume text and sends it to the Gemini 2.5 Flash model with a strict prompt demanding a structured JSON response. The model extracts the entities, which we parse into a Python dictionary."
Data Flow,"How is the generated portfolio actually created?","Once Gemini returns the structured JSON, our Python script reads a base 'template.html' file. We use string replacement (e.g. replacing '{{name}}') to dynamically inject the JSON data into the HTML layout, then save it."
Frontend,"Why did you use GSAP for animations?","GSAP (GreenSock Animation Platform) provides incredibly smooth, high-performance animations that are easy to timeline. It gave our landing page a premium 'WOW' factor that standard CSS transitions struggle to achieve."
Dual Mode,"How did you satisfy the rubric's local CLI requirement while building a web app?","I designed 'main.py' to handle both. It runs as a FastAPI server when deployed, but it also has an 'if __name__ == ""__main__"":' block at the bottom. If you run it directly in the terminal, it acts as a standalone script that reads 'resume.txt' locally."
Version Control,"What are some Git commands you used frequently during development?","1. 'git add .' to stage changes. 2. 'git commit -m ""message""' to save snapshots. 3. 'git push origin main' to upload to GitHub. 4. 'git status' to check for uncommitted files."
Error Handling,"How do you prevent the AI from making up fake skills (hallucination)?","We strictly configured the AI prompt to act as a data extractor, telling it: 'Do NOT invent skills, experience, or dates. If something is missing, leave it empty.' We also set a low temperature (0.4) so the model favors exact text rather than creativity."
Environment,"How do you protect your Gemini API Key?","We use a '.env' file locally with 'python-dotenv' so the key isn't hardcoded in the script, and we configured it as an Environment Variable in Vercel for the live deployment."
